{
  "best_checkpoint_path": "results/hardening/reinforce_cascade_seed7/policy_best_by_val.pt",
  "best_validation_env_steps": 116174,
  "best_validation_mean_return": 158.84372,
  "best_validation_update": 25,
  "env_steps_total": 719964,
  "final_validation_mean_return": 20.965030000000006,
  "first_window_mean_return": 43.731987499999995,
  "init_seed": 7,
  "last_window_mean_return": 98.40181125000001,
  "num_updates": 150,
  "num_validations": 6,
  "return_improvement": 54.66982375000001,
  "validation_seeds": [
    250,
    251,
    252,
    253,
    254,
    255,
    256,
    257,
    258,
    259,
    260,
    261,
    262,
    263,
    264,
    265,
    266,
    267,
    268,
    269
  ],
  "window": 30
}