{
  "best_checkpoint_path": "results/phase5/rl_seed13/policy_best_by_val.pt",
  "best_validation_env_steps": 50091,
  "best_validation_mean_return": 141.10090799999998,
  "best_validation_update": 25,
  "env_steps_total": 1409778,
  "final_validation_mean_return": 141.10090799999998,
  "first_window_mean_return": 12.43748109375,
  "init_seed": 13,
  "last_window_mean_return": 96.54513703125,
  "num_updates": 400,
  "num_validations": 16,
  "return_improvement": 84.1076559375,
  "validation_seeds": [
    250,
    251,
    252,
    253,
    254,
    255,
    256,
    257,
    258,
    259,
    260,
    261,
    262,
    263,
    264,
    265,
    266,
    267,
    268,
    269,
    270,
    271,
    272,
    273,
    274,
    275,
    276,
    277,
    278,
    279,
    280,
    281,
    282,
    283,
    284,
    285,
    286,
    287,
    288,
    289,
    290,
    291,
    292,
    293,
    294,
    295,
    296,
    297,
    298,
    299
  ],
  "window": 80
}