{
  "best_checkpoint_path": "results/hardening/reinforce_cascade_broken_seed7/policy_best_by_val.pt",
  "best_validation_env_steps": 116174,
  "best_validation_mean_return": 72.77502999999999,
  "best_validation_update": 25,
  "env_steps_total": 717739,
  "final_validation_mean_return": 72.77502999999999,
  "first_window_mean_return": 46.75682874999999,
  "init_seed": 7,
  "last_window_mean_return": 97.76422416666666,
  "num_updates": 150,
  "num_validations": 6,
  "return_improvement": 51.007395416666675,
  "validation_seeds": [
    250,
    251,
    252,
    253,
    254,
    255,
    256,
    257,
    258,
    259,
    260,
    261,
    262,
    263,
    264,
    265,
    266,
    267,
    268,
    269
  ],
  "window": 30
}