{
  "best_checkpoint_path": "results/hardening/rl_tight_fixedrisk_seed7/policy_best_by_val.pt",
  "best_validation_env_steps": 46246,
  "best_validation_mean_return": 79.83309999999999,
  "best_validation_update": 25,
  "env_steps_total": 1470488,
  "final_validation_mean_return": 79.83309999999999,
  "first_window_mean_return": 9.74055578125,
  "init_seed": 7,
  "last_window_mean_return": 78.45962562499999,
  "num_updates": 400,
  "num_validations": 16,
  "return_improvement": 68.71906984374999,
  "validation_seeds": [
    250,
    251,
    252,
    253,
    254,
    255,
    256,
    257,
    258,
    259,
    260,
    261,
    262,
    263,
    264,
    265,
    266,
    267,
    268,
    269
  ],
  "window": 80
}