{
  "best_checkpoint_path": "results/hardening/rl_tight_seed7/policy_best_by_val.pt",
  "best_validation_env_steps": 46227,
  "best_validation_mean_return": 95.38309999999998,
  "best_validation_update": 25,
  "env_steps_total": 1469744,
  "final_validation_mean_return": 95.38309999999998,
  "first_window_mean_return": 12.086034999999999,
  "init_seed": 7,
  "last_window_mean_return": 89.08226703124998,
  "num_updates": 400,
  "num_validations": 16,
  "return_improvement": 76.99623203124999,
  "validation_seeds": [
    250,
    251,
    252,
    253,
    254,
    255,
    256,
    257,
    258,
    259,
    260,
    261,
    262,
    263,
    264,
    265,
    266,
    267,
    268,
    269
  ],
  "window": 80
}