{
  "best_checkpoint_path": "results/hardening/reinforce_tight_seed11/policy_best_by_val.pt",
  "best_validation_env_steps": 42713,
  "best_validation_mean_return": 79.83309999999999,
  "best_validation_update": 25,
  "env_steps_total": 1429271,
  "final_validation_mean_return": 79.83309999999999,
  "first_window_mean_return": 8.5790471875,
  "init_seed": 11,
  "last_window_mean_return": 75.900150625,
  "num_updates": 400,
  "num_validations": 16,
  "return_improvement": 67.3211034375,
  "validation_seeds": [
    250,
    251,
    252,
    253,
    254,
    255,
    256,
    257,
    258,
    259,
    260,
    261,
    262,
    263,
    264,
    265,
    266,
    267,
    268,
    269
  ],
  "window": 80
}