{
  "best_checkpoint_path": "results/hardening/rl_tight_fixedrisk_flat_seed7/policy_best_by_val.pt",
  "best_validation_env_steps": 116174,
  "best_validation_mean_return": 79.83309999999999,
  "best_validation_update": 25,
  "env_steps_total": 955965,
  "final_validation_mean_return": 79.83309999999999,
  "first_window_mean_return": 38.746264062499996,
  "init_seed": 7,
  "last_window_mean_return": 79.2771671875,
  "num_updates": 200,
  "num_validations": 8,
  "return_improvement": 40.530903125,
  "validation_seeds": [
    250,
    251,
    252,
    253,
    254,
    255,
    256,
    257,
    258,
    259,
    260,
    261,
    262,
    263,
    264,
    265,
    266,
    267,
    268,
    269
  ],
  "window": 40
}