{
  "agents": {
    "Reflex Agent": {
      "mean_completion_rate": 0.6365999999999999,
      "mean_failure_rate": 0.1452,
      "mean_total_compute_cost": 744.4694800000001,
      "mean_total_utility": 120.99085199999999
    },
    "Stripped Utility-Based Agent": {
      "mean_completion_rate": 0.0,
      "mean_failure_rate": 0.0,
      "mean_total_compute_cost": 0.0,
      "mean_total_utility": 0.0
    },
    "Utility-Based Agent (Non-Learning Baseline)": {
      "mean_completion_rate": 0.5242,
      "mean_failure_rate": 0.12639999999999998,
      "mean_total_compute_cost": 554.22552,
      "mean_total_utility": 111.52404800000001
    }
  },
  "seeds": [
    0,
    1,
    2,
    3,
    4,
    5,
    6,
    7,
    8,
    9,
    10,
    11,
    12,
    13,
    14,
    15,
    16,
    17,
    18,
    19,
    20,
    21,
    22,
    23,
    24,
    25,
    26,
    27,
    28,
    29,
    30,
    31,
    32,
    33,
    34,
    35,
    36,
    37,
    38,
    39,
    40,
    41,
    42,
    43,
    44,
    45,
    46,
    47,
    48,
    49
  ]
}